[
  {
    "slug": "why-you-should-never-ignore-a-bee-infestation-in-houston",
    "title": "Why You Should Never Ignore a Bee Infestation in Houston",
    "description": "Discover why a bee infestation in Houston isn't just a nuisance, but a potential hazard to your home, health, and environment.",
    "focus_keyword": "bee infestation Houston",
    "rank_math_description": "Don't ignore bee infestations in Houston! Learn why fast, humane bee removal protects your property and local pollinators.",
    "featured_image_url": "https://clearlakebeeremoval.com/wp-content/uploads/2025/04/clear-lake-bee-removal-bee-swarm-01.png"
  },
  {
    "slug": "humane-bee-removal-vs-extermination-houston-guide",
    "title": "Humane Bee Removal vs. Extermination: A Houston Guide",
    "description": "Explore the differences between humane bee removal and extermination methods. See why Houston homeowners are choosing relocation.",
    "focus_keyword": "humane bee removal Houston",
    "rank_math_description": "Compare humane bee removal with extermination in Houston. Understand the environmental and ethical advantages of relocation.",
    "featured_image_url": "https://clearlakebeeremoval.com/wp-content/uploads/2025/04/clear-lake-bee-removal-bee-swarm-02.png"
  },
  {
    "slug": "how-houston-weather-affects-bee-swarms-and-removal",
    "title": "How Houston Weather Affects Bee Swarms and Removal",
    "description": "Learn how Houston's unique climate influences bee behavior, swarming patterns, and when to schedule removal.",
    "focus_keyword": "bee swarm removal Houston",
    "rank_math_description": "Houston weather affects bee swarms! Learn the best time for safe and effective bee removal based on local conditions.",
    "featured_image_url": "https://clearlakebeeremoval.com/wp-content/uploads/2025/04/clear-lake-bee-removal-bee-swarm-03.png"
  }
]